public_scene,recording
aghri-scene-0001,footpath1_1walk_1stand_st_11_12_2024_1_label
aghri-scene-0002,footpath1_2walk+talk_st_11_12_2024_b_label
aghri-scene-0003,footpath1_2walk+talk_st_11_12_2024_c_label
aghri-scene-0004,footpath1_p1_ht+mk+gl_1walk+check_st_11_12_2024_1_label
aghri-scene-0005,footpath1_p1_oj+mk+gl_1walk_mv_11_12_2024_1_label
aghri-scene-0006,footpath1_p1_sc+mk+gl_1walk_st_11_12_2024_1_label
aghri-scene-0007,footpath1_p1_yj+mk+gl_1walk+check_mv_11_12_2024_1_label
aghri-scene-0008,footpath1_p1_yj+mk+gl_1walk+check_st_11_12_2024_1_label
aghri-scene-0009,footpath1_p2_nj+gl_1walk+check_st_11_12_2024_1_label
aghri-scene-0010,footpath1_p2_nj+gl_1walk_mv_11_12_2024_1_label
aghri-scene-0011,footpath1_p2_oj+gl_1walk+check_st_11_12_2024_1_label
aghri-scene-0012,footpath1_p2_yj+gl_1walk+check_st_11_12_2024_1_label
aghri-scene-0013,footpath1_p2_yj+gl_1walk_mv_11_12_2024_1_label
aghri-scene-0014,footpath2_1walk_st_11_20_2024_2_label
aghri-scene-0015,footpath2_2walk+opendoor_mv_ly_11_20_2024_label
aghri-scene-0016,footpath2_2walk+stand_mv_11_20_2024_1_label
aghri-scene-0017,footpath2_2walk+stand_mv_11_20_2024_2_label
aghri-scene-0018,footpath2_2walk_mv_11_20_2024_a_label
aghri-scene-0019,footpath2_2walk_mv_11_20_2024_b_label
aghri-scene-0020,footpath2_2walk_mv_ly_11_20_2024_label
aghri-scene-0021,footpath2_2walk_st_11_20_2024_label
aghri-scene-0022,footpath2_3walk_st_11_20_2024_label
aghri-scene-0023,in_straw_1pick_2push_diff_st_10_31_2024_1_label
aghri-scene-0024,in_straw_1pick_st_10_31_2024_1_label
aghri-scene-0025,in_straw_1push+pick_same_mv_10_31_2024_1_label
aghri-scene-0026,in_straw_1walk_mv_11_20_2024_3_label
aghri-scene-0027,in_straw_2pick_diff_mv_10_10_2024_2_a_label
aghri-scene-0028,in_straw_3push_diff_mv_11_07_2024_1_label
aghri-scene-0029,in_straw_3push_diff_st_11_07_2024_1_label
aghri-scene-0030,in_vine_1push_3pick_1carry_diff_st_ly_11_06_2024_3_label
aghri-scene-0031,in_vine_1pick_2carry_same_mv_ly_11_06_2024_label
aghri-scene-0032,in_vine_2push_1pick_diff_mv_ly_11_06_2024_1_label
aghri-scene-0033,in_vine_2push_1pick_diff_mv_ly_11_06_2024_3_a_label
aghri-scene-0034,in_vine_2push_1pick_diff_mv_ly_11_06_2024_3_b_label
aghri-scene-0035,in_vine_2push_1pick_diff_st_ly_11_06_2024_3_label
aghri-scene-0036,out_straw_1push_1walk_1swap_st_11_07_2024_1_c_label
aghri-scene-0037,out_straw_1swap_mv_11_07_2024_1_label
aghri-scene-0038,out_straw_1swap_st_11_07_2024_1_label
aghri-scene-0039,out_straw_1walk_tray_st_11_07_2024_2_label
aghri-scene-0040,out_straw_2push_mv_11_07_2024_1_a_label
aghri-scene-0041,out_straw_2push_mv_11_07_2024_1_c_label
aghri-scene-0042,out_straw_2push_st_ly_11_07_2024_1_b_label
aghri-scene-0043,out_straw_2push_st_ly_11_07_2024_1_c_label
aghri-scene-0044,out_straw_3push_mv_11_07_2024_1_label
aghri-scene-0045,out_straw_3push_st_11_07_2024_1_a_label
aghri-scene-0046,out_straw_3push_st_11_07_2024_1_b_label
aghri-scene-0047,out_straw_3push_st_11_07_2024_1_c_label
aghri-scene-0048,out_vine_1push_3carry_st_ly_11_06_2024_2_label
aghri-scene-0049,out_vine_2walk_mv_ly_11_06_2024_2_label
aghri-scene-0050,out_vine_2walk_st_ly_11_06_2024_label
aghri-scene-0051,out_vine_4swap+walk_st_ly_11_06_2024_1_label
aghri-scene-0052,out_vine_3walk_st_ly_11_06_2024_a_label
aghri-scene-0053,footpath1_3walk_mv_11_14_2024_2_label
aghri-scene-0054,footpath1_p1_sc+mk+gl_1walk_mv_11_12_2024_1_label
aghri-scene-0055,footpath1_p2_nj_1walk+check_st_11_12_2024_1_label
aghri-scene-0056,footpath1_p2_oj+gl_1walk+check_mv_11_12_2024_1_label
aghri-scene-0057,footpath1_p2_sc+gl_1walk+check_mv_11_12_2024_1_label
aghri-scene-0058,out_straw_1walk_tray_mv_ly_11_07_2024_1_label
aghri-scene-0059,out_vine_5walk+talk+push_st_ly_11_06_2024_2_label
aghri-scene-0060,footpath1_p1_nj+mk+gl_1walk+check_mv_11_12_2024_1_label
aghri-scene-0061,footpath1_p1_oj+mk+gl_1walk+check_st_11_12_2024_1_label
aghri-scene-0062,in_straw_3pick_diff_st_10_24_2024_5_a_label
aghri-scene-0063,out_straw_1push_1walk_1swap_st_11_07_2024_1_b_label
aghri-scene-0064,out_vine_1push_3carry_st_ly_11_06_2024_1_label
aghri-scene-0065,out_vine_4swap+walk_st_ly_11_06_2024_2_label
